"planet","mass","radius","gravitation","distance"
Mercury, 3.3011 x 10²³, 2439.7, 3.7, 57900000
Venus, 4.8675 x 10²⁴, 6051.8, 8.87, 108200000
Earth, 5.97237 x 10²⁴,6371, 9.81, 149600000
Mars, 6.4171 x 10²³, 3389.5, 3.71, 227900000
Jupiter, 1.8982 x 10²⁷, 69911, 24.79, 778300000
Saturn, 5.6834 x 10²⁶, 58232, 10.44, 1427000000
Uranus, 8.6810 x 10²⁵, 25362, 8.69, 2871000000
Neptune, 1.02413 x 10²⁶, 24622, 11.15, 4498300000
